{"cameraMode":{"drawMode":0,"name":"Shaded","section":"Shading Mode"},"sceneLighting":true,"audioPlay":false,"sceneViewState":{"m_AlwaysRefresh":false,"showFog":true,"showSkybox":true,"showFlares":true,"showImageEffects":true,"showParticleSystems":true,"showVisualEffectGraphs":true,"m_FxEnabled":true},"in2DMode":false,"pivot":{"x":12.40025806427002,"y":13.089072227478028,"z":85.59939575195313},"rotation":{"x":-0.010806884616613388,"y":0.021594325080513955,"z":-0.00023329148825723678,"w":-0.9997080564498901},"size":57.360015869140628,"orthographic":false}