{"cameraMode":{"drawMode":0,"name":"Shaded","section":"Shading Mode"},"sceneLighting":true,"audioPlay":false,"sceneViewState":{"m_AlwaysRefresh":false,"showFog":true,"showSkybox":true,"showFlares":true,"showImageEffects":true,"showParticleSystems":true,"showVisualEffectGraphs":true,"m_FxEnabled":true},"in2DMode":false,"pivot":{"x":57.02899932861328,"y":28.977996826171876,"z":-502.14276123046877},"rotation":{"x":-0.09890639781951904,"y":0.06919852644205094,"z":-0.0068946522660553459,"w":-0.9926638007164002},"size":57.360015869140628,"orthographic":false}