{"cameraMode":{"drawMode":0,"name":"Shaded","section":"Shading Mode"},"sceneLighting":false,"audioPlay":false,"sceneViewState":{"m_AlwaysRefresh":false,"showFog":true,"showSkybox":false,"showFlares":true,"showImageEffects":true,"showParticleSystems":true,"showVisualEffectGraphs":true,"m_FxEnabled":true},"in2DMode":false,"pivot":{"x":5.498927116394043,"y":-5.17897367477417,"z":19.284059524536134},"rotation":{"x":0.15657101571559907,"y":0.11991936713457108,"z":-0.019177133217453958,"w":0.9802074432373047},"size":12.083945274353028,"orthographic":false}