{"cameraMode":{"drawMode":0,"name":"Shaded","section":"Shading Mode"},"sceneLighting":false,"audioPlay":false,"sceneViewState":{"m_AlwaysRefresh":false,"showFog":true,"showSkybox":false,"showFlares":true,"showImageEffects":true,"showParticleSystems":true,"showVisualEffectGraphs":true,"m_FxEnabled":true},"in2DMode":false,"pivot":{"x":1.3527185916900635,"y":1.4814198017120362,"z":-1.7839685678482056},"rotation":{"x":0.35895678400993349,"y":0.05535154789686203,"z":-0.021360211074352266,"w":0.9315170645713806},"size":1.2247449159622193,"orthographic":false}